{"cameraMode":{"drawMode":0,"name":"Shaded","section":"Shading Mode"},"sceneLighting":false,"audioPlay":false,"sceneViewState":{"showFog":false,"showMaterialUpdate":false,"showSkybox":true,"showFlares":false,"showImageEffects":false,"showParticleSystems":false,"showVisualEffectGraphs":true,"m_FxEnabled":true},"in2DMode":false,"pivot":{"x":15.865669250488282,"y":1.8049952983856202,"z":5.498823165893555},"rotation":{"x":0.056571610271930698,"y":-0.058074913918972018,"z":0.0032943766564130785,"w":0.9967023730278015},"size":1.8858075141906739,"orthographic":true}